{"cameraMode":{"drawMode":0,"name":"Shaded","section":"Shading Mode"},"sceneLighting":true,"audioPlay":false,"sceneViewState":{"m_AlwaysRefresh":true,"showFog":true,"showSkybox":true,"showFlares":true,"showImageEffects":true,"showParticleSystems":true,"showVisualEffectGraphs":true,"m_FxEnabled":true},"in2DMode":false,"pivot":{"x":521.9047241210938,"y":47.101402282714847,"z":-254.4781036376953},"rotation":{"x":-0.02079680748283863,"y":-0.7133392691612244,"z":-0.021184178069233896,"w":0.7002052664756775},"size":3.5063724517822267,"orthographic":false}