{"cameraMode":{"drawMode":0,"name":"Shaded","section":"Shading Mode"},"sceneLighting":true,"audioPlay":false,"sceneViewState":{"m_AlwaysRefresh":true,"showFog":true,"showSkybox":true,"showFlares":true,"showImageEffects":true,"showParticleSystems":true,"showVisualEffectGraphs":true,"m_FxEnabled":true},"in2DMode":false,"pivot":{"x":122.09783172607422,"y":57.99469757080078,"z":-103.34575653076172},"rotation":{"x":0.17328642308712007,"y":0.04018184542655945,"z":-0.00707462290301919,"w":0.9840409159660339},"size":3.5063724517822267,"orthographic":false}