{"cameraMode":{"drawMode":0,"name":"Shaded","section":"Shading Mode"},"sceneLighting":true,"audioPlay":false,"sceneViewState":{"m_AlwaysRefresh":true,"showFog":true,"showSkybox":true,"showFlares":true,"showImageEffects":true,"showParticleSystems":true,"showVisualEffectGraphs":true,"m_FxEnabled":true},"in2DMode":false,"pivot":{"x":38.835079193115237,"y":217.14414978027345,"z":-432.572509765625},"rotation":{"x":-0.08000669628381729,"y":0.12111593782901764,"z":0.009794638492166996,"w":0.9893741011619568},"size":3.5063724517822267,"orthographic":false}