{"cameraMode":{"drawMode":0,"name":"Shaded","section":"Shading Mode"},"sceneLighting":true,"audioPlay":false,"sceneViewState":{"m_AlwaysRefresh":false,"showFog":true,"showSkybox":true,"showFlares":true,"showImageEffects":true,"showParticleSystems":true,"showVisualEffectGraphs":true,"m_FxEnabled":true},"in2DMode":false,"pivot":{"x":167.28176879882813,"y":25.30046844482422,"z":-105.38175964355469},"rotation":{"x":0.07266542315483093,"y":-0.06876688450574875,"z":0.005018508527427912,"w":0.9950386881828308},"size":9.12024974822998,"orthographic":false}