{"cameraMode":{"drawMode":0,"name":"Shaded","section":"Shading Mode"},"sceneLighting":true,"audioPlay":false,"sceneViewState":{"m_AlwaysRefresh":false,"showFog":true,"showSkybox":true,"showFlares":true,"showImageEffects":true,"showParticleSystems":true,"showVisualEffectGraphs":true,"m_FxEnabled":true},"in2DMode":false,"pivot":{"x":-441.4106140136719,"y":-123.01116943359375,"z":891.2435302734375},"rotation":{"x":0.08745469152927399,"y":-0.20031610131263734,"z":0.017958559095859529,"w":0.9756652116775513},"size":597.2061767578125,"orthographic":false}