{"cameraMode":{"drawMode":0,"name":"Shaded","section":"Shading Mode"},"sceneLighting":true,"audioPlay":false,"sceneViewState":{"m_AlwaysRefresh":false,"showFog":true,"showSkybox":true,"showFlares":true,"showImageEffects":true,"showParticleSystems":true,"showVisualEffectGraphs":true,"m_FxEnabled":true},"in2DMode":false,"pivot":{"x":251.66151428222657,"y":59.111549377441409,"z":-91.563232421875},"rotation":{"x":0.18036872148513795,"y":-0.36883971095085146,"z":0.07318975776433945,"w":0.9089122414588928},"size":0.7898368239402771,"orthographic":false}