{"cameraMode":{"drawMode":0,"name":"Shaded","section":"Shading Mode"},"sceneLighting":true,"audioPlay":false,"sceneViewState":{"m_AlwaysRefresh":false,"showFog":true,"showSkybox":true,"showFlares":true,"showImageEffects":true,"showParticleSystems":true,"showVisualEffectGraphs":true,"m_FxEnabled":true},"in2DMode":false,"pivot":{"x":29.878623962402345,"y":15.611634254455567,"z":-17.703622817993165},"rotation":{"x":0.018309568986296655,"y":-0.941142201423645,"z":0.051730163395404819,"w":0.3337631821632385},"size":9.12024974822998,"orthographic":false}